title,authors,id,source,date,url,abstract
Randomized controlled trial for time-restricted eating in overweight and obese young adults,"Li-min Zhang, Zhan Liu, Jia-qi Wang, Rui-qiang Li, Jing-yi Ren, Xian Gao, Shuai-shuai Lv, Lu-yao Lia...",PMC9400087,iScience,2022-08-05,https://doi.org/10.1016/j.isci.2022.104870,"This study randomized overweight young adults to early, late, or no time-restricted eating for 8 weeks. Early time-restricted eating showed greater metabolic health improvements than late time-restricted eating or the control group."
"Time‐restricted eating, caloric reduction, and unrestricted eating effects on weight and metabolism: a randomized trial","Niki Oldenburg, Douglas G. Mashek, Lisa Harnack, Qi Wang, Emily N. C. Manoogian, Nicholas Evanoff, D...",PMC11937878,"Obesity (Silver Spring, Md.)",2025-02-19,https://doi.org/10.1002/oby.24252,"This study compared time-restricted eating (TRE), caloric restriction (CR), and unrestricted eating (UE) over 12 weeks. TRE did not significantly improve weight or metabolic measures compared to CR or UE, though reduced eating windows correlated with lower calorie intake and visceral fat."
The effects of early time restricted eating plus daily caloric restriction compared to daily caloric restriction alone on continuous glucose levels,"Adnin Zaman, Laura Grau, Rebecca Jeffers, Sheila Steinke, Victoria A. Catenacci, Marc‐Andre Cornier,...",PMC10804344,Obesity Science & Practice,2023-08-04,https://doi.org/10.1002/osp4.702,"This study compared early time-restricted eating plus daily caloric restriction (E-TRE+DCR) to daily caloric restriction (DCR) alone for 12 weeks. No significant differences were found in glucose profiles or insulin sensitivity between the groups, except for a greater reduction in glycemic excursion amplitude with DCR alone."
Time‐restricted eating did not alter insulin sensitivity or β‐cell function in adults with obesity: A randomized pilot study,"Anne E. Bantle, Kheng Joe Lau, Qi Wang, Samar Malaeb, Tasma Harindhanavudhi, Emily N. C. Manoogian, ...",PMC9877119,"Obesity (Silver Spring, Md.)",2022-12-14,https://doi.org/10.1002/oby.23620,A pilot study examined the effects of 12 weeks of time-restricted eating on insulin sensitivity and beta-cell function in adults with obesity. Time-restricted eating did not significantly alter these metabolic parameters compared to unrestricted eating.
Effect of Time-Restricted Eating on Weight Loss in Adults With Type 2 Diabetes,"Vasiliki Pavlou, Sofia Cienfuegos, Shuhao Lin, Mark Ezpeleta, Kathleen Ready, Sarah Corapi, Jackie W...",PMC10611992,JAMA Network Open,2023-10-27,https://doi.org/10.1001/jamanetworkopen.2023.39337,"A 6-month study compared time-restricted eating (TRE) to calorie restriction (CR) in adults with type 2 diabetes. TRE resulted in greater weight loss than CR, but both interventions similarly lowered HbA1c levels."
"Effect of time restricted eating on body weight and fasting glucose in participants with obesity: results of a randomized, controlled, virtual clinical trial","Pamela M. Peeke, Frank L. Greenway, Sonja K. Billes, Dachuan Zhang, Ken Fujioka",PMC7809455,Nutrition & Diabetes,2021-01-15,https://doi.org/10.1038/s41387-021-00149-0,A randomized trial tested 14:10 time-restricted eating (TRE) with a weight management program. 14:10 TRE resulted in greater weight loss and improved fasting glucose compared to 12:12 TRE.
Time-restricted feeding improves blood glucose and insulin sensitivity in overweight patients with type 2 diabetes: a randomised controlled trial,"Tingting Che, Cheng Yan, Dingyuan Tian, Xin Zhang, Xuejun Liu, Zhongming Wu",PMC8499480,Nutrition & Metabolism,2021-10-07,https://doi.org/10.1186/s12986-021-00613-9,"A randomized controlled trial investigated 10-hour time-restricted feeding in overweight type 2 diabetes patients over 12 weeks. Time-restricted feeding significantly improved blood glucose, insulin sensitivity, and weight compared to a control group."
Randomized controlled trial for time-restricted eating in healthy volunteers without obesity,"Zhibo Xie, Yuning Sun, Yuqian Ye, Dandan Hu, Hua Zhang, Zhangyuting He, Haitao Zhao, Huayu Yang, Yil...",PMC8864028,Nature Communications,2022-02-22,https://doi.org/10.1038/s41467-022-28662-5,A randomized trial compared early and mid-day time-restricted eating in healthy adults. Early time-restricted eating showed greater improvements in insulin sensitivity and other metabolic markers than mid-day time-restricted eating.
"Design and Implementation of a Time-Restricted Eating Intervention in a Randomized, Controlled Eating Study","Karen White, Beiwen Wu, Scott J. Pilla, Jeanne Charleston, May Thu Thu Maw, Lawrence J. Appel, Jeann...",PMC10144293,Nutrients,2023-04-20,https://doi.org/10.3390/nu15081978,"A randomized controlled study designed and implemented time-restricted eating (TRE) versus usual eating patterns (UEP). The study successfully achieved its intervention goals, providing a controlled method to isolate meal timing's effect on weight."
Weight-neutral early time-restricted eating improves glycemic variation and time in range without changes in inflammatory markers,"Joanne Bruno, Jeanne M. Walker, Shabnam Nasserifar, Dhairya Upadhyay, Andrea Ronning, Sally M. Vaneg...",PMC11699278,iScience,2024-11-29,https://doi.org/10.1016/j.isci.2024.111501,Early time-restricted eating was studied in adults with prediabetes. It improved glycemic control without affecting inflammatory markers.
"Protocol for a single-centre, parallel-group, randomised, controlled, superiority trial on the effects of time-restricted eating on body weight, behaviour and metabolism in individuals at high risk of type 2 diabetes: the REStricted Eating Time (RESET) study","Jonas S Quist, Marie M Jensen, Kim K B Clemmensen, Hanne Pedersen, Natasja Bjerre, Joachim Størling,...",PMC7451453,BMJ Open,2020-01-01,https://doi.org/10.1136/bmjopen-2020-037166,"This study investigates the effects of time-restricted eating on body weight, behavior, and metabolism in individuals at high risk for type 2 diabetes. The primary outcome is change in body weight after 3 months."
"Efficacy of Time-Restricted Eating and Behavioral Economic Intervention in Reducing Fasting Plasma Glucose, HbA1c, and Cardiometabolic Risk Factors in Patients with Impaired Fasting Glucose: A Randomized Controlled Trial","Unyaporn Suthutvoravut, Thunyarat Anothaisintawee, Suparee Boonmanunt, Sarunporn Pramyothin, Sukanya...",PMC10574576,Nutrients,2023-09-30,https://doi.org/10.3390/nu15194233,"This study compared time-restricted eating (TRE) with or without behavioral economics (BE) interventions against usual care for impaired fasting glucose patients. No significant differences were found between groups, but TRE showed benefits for those who adhered to the protocol."
"Effects of Early vs. Late Time-Restricted Eating on Cardiometabolic Health, Inflammation, and Sleep in Overweight and Obese Women: A Study Protocol for the ChronoFast Trial","Beeke Peters, Daniela A. Koppold-Liebscher, Bettina Schuppelius, Nico Steckhan, Andreas F. H. Pfeiff...",PMC8634676,Frontiers in Nutrition,2021-11-15,https://doi.org/10.3389/fnut.2021.765543,"This study protocol outlines a trial comparing early versus late time-restricted eating in overweight/obese women. The trial aims to determine which eating pattern better improves cardiometabolic health, inflammation, and sleep."
"Protocol for a 1‐year randomised, controlled, parallel group, open‐label trial on the effects and feasibility of time‐restricted eating in individuals with type 2 diabetes‐ The REStricted Eating Time in the treatment of type 2 diabetes ( RESET2 ) trial","Anne‐Ditte Termannsen, Annemarie Varming, Natasja Bjerre, Helena Z. Wodschow, Gitte S. Hansen, Nicol...",PMC12006552,Diabetic Medicine,2025-01-11,https://doi.org/10.1111/dme.15506,This paper describes the protocol for a one-year randomized trial investigating time-restricted eating (TRE) in type 2 diabetes. The trial aims to assess TRE's effects on glycaemic control and feasibility.
Time restricted eating as a weight loss intervention in adults with obesity,"Dunja Przulj, Daniella Ladmore, Katie Myers Smith, Anna Phillips-Waller, Peter Hajek",PMC7842957,PLoS ONE,2021-01-28,https://doi.org/10.1371/journal.pone.0246186,"This pilot study assessed adherence and effects of time-restricted eating (TRE) on weight and lipids in adults with obesity. TRE showed modest weight loss comparable to other interventions, with no significant impact on blood pressure or lipids."
The basis and design for time‐restricted eating compared with daily calorie restriction for weight loss and colorectal cancer risk reduction trial ( TRE‐CRC  trial),"Kelsey Gabel, Marian L. Fitzgibbon, Cemal Yazici, Peter Gann, Maria Sverdlov, Grace Guzman, Zhengjia...",PMC9691536,"Obesity (Silver Spring, Md.)",2022-11-01,https://doi.org/10.1002/oby.23579,"A randomized controlled trial compared 8-hour time-restricted eating (TRE) with daily calorie restriction (Cal-R) and a control group in adults with obesity and increased colorectal cancer (CRC) risk. The study will examine the effects of these interventions on weight, metabolic markers, and CRC risk."
Three weeks of time-restricted eating improves glucose homeostasis in adults with type 2 diabetes but does not improve insulin sensitivity: a randomised crossover trial,"Charlotte Andriessen, Ciarán E. Fealy, Anna Veelen, Sten M. M. van Beek, Kay H. M. Roumans, Niels J....",PMC9477920,Diabetologia,2022-07-25,https://doi.org/10.1007/s00125-022-05752-z,"Three weeks of time-restricted eating improved glucose homeostasis in adults with type 2 diabetes. However, it did not improve insulin sensitivity."
Effect of Time-Restricted Eating on Circulating Levels of IGF1 and Its Binding Proteins in Obesity: An Exploratory Analysis of a Randomized Controlled Trial,"Rand Talal Akasheh, Aparna Ankireddy, Kelsey Gabel, Mark Ezpeleta, Shuhao Lin, Chandra Mohan Tamatam...",PMC11510611,Nutrients,2024-10-14,https://doi.org/10.3390/nu16203476,"This study explored the effects of 4 and 6-hour time-restricted eating (TRE) on IGF1 and its binding proteins in individuals with obesity. TRE significantly reduced body weight and improved insulin sensitivity, but did not alter IGF1 or IGFBP3 levels."
Time-restricted eating for patients with diabetes and prediabetes: A systematic review,"Xiaoxiao Lin, Yihong Guan, Guomin Wu, Jinyu Huang, Shuai Wang",PMC9671354,Frontiers in Nutrition,2022-11-03,https://doi.org/10.3389/fnut.2022.1025919,"A systematic review analyzed seven studies on time-restricted eating for diabetes and prediabetes. Time-restricted eating appears safe and may improve weight, insulin sensitivity, and blood glucose."
"The impact of a self-selected time restricted eating intervention on eating patterns, sleep, and late-night eating in individuals with obesity","Stacey L. Simon, Jennifer Blankenship, Emily N. C. Manoogian, Satchidananda Panda, Douglas G. Mashek...",PMC9634110,Frontiers in Nutrition,2022-10-21,https://doi.org/10.3389/fnut.2022.1007824,A self-selected time-restricted eating intervention shifted meal timing and reduced late-night eating in individuals with obesity. This intervention was associated with longer sleep duration and improved eating patterns.
"Time-Restricted Eating Alters Food Intake Patterns, as Prospectively Documented by a Smartphone Application","Samar Malaeb, Tasma Harindhanavudhi, Katrina Dietsche, Nick Esch, Emily N. C. Manoogian, Satchidanan...",PMC7694329,Nutrients,2020-11-05,https://doi.org/10.3390/nu12113396,"This study examined how time-restricted eating (TRE) affects food intake patterns using a smartphone app. TRE significantly reduced eating occasions, snacks, and caffeinated beverages compared to baseline and a control group."
Early Time-Restricted Eating Reduces Weight and Improves Glycemic Response in Young Adults: A Pre-Post Single-Arm Intervention Study,"JinA Kim, YoonJu Song",PMC9889728,Obesity Facts,2023-01-01,https://doi.org/10.1159/000527838,"This study examined the effects of early time-restricted eating (TRE) on young adults. Early TRE, starting before noon, significantly reduced weight, fat mass, fasting glucose, fasting insulin, and triglycerides."
Effects of time-restricted eating with different eating windows on human metabolic health: pooled analysis of existing cohorts,"Zhongbiao Nie, Jiaming Xu, Yinchu Cheng, Zhihong Li, Ran Zhang, Wentao Zhang, Libo Zhao",PMC10594936,Diabetology & Metabolic Syndrome,2023-10-24,https://doi.org/10.1186/s13098-023-01190-y,"A network meta-analysis compared time-restricted eating (TRE) with different eating windows on metabolic health. No specific eating window showed significant metabolic advantages over others, suggesting similar benefits across various TRE durations."
Early time-restricted eating improves markers of cardiometabolic health but has no impact on intestinal nutrient absorption in healthy adults,"M. Alan Dawson, Susan N. Cheung, Michael R. La Frano, Ravinder Nagpal, Claire E. Berryman",PMC10829793,Cell Reports Medicine,2024-01-16,https://doi.org/10.1016/j.xcrm.2023.101363,"Early time-restricted eating improved cardiometabolic health markers in healthy adults. However, it did not affect intestinal nutrient absorption or gastrointestinal function."
Exploring Rates of Adherence and Barriers to Time-Restricted Eating,"Paul W. Jefcoate, M. Denise Robertson, Jane Ogden, Jonathan D. Johnston",PMC10223820,Nutrients,2023-05-16,https://doi.org/10.3390/nu15102336,"This study assessed adherence to a 5-week time-restricted eating (TRE) protocol and identified barriers. Objective and subjective adherence was around 63%, with work, social, and family life posing challenges."
Time-restricted eating improves health because of energy deficit and circadian rhythm: A systematic review and meta-analysis,"Yuwen Chang, Tingting Du, Xiangling Zhuang, Guojie Ma",PMC10865403,iScience,2024-01-26,https://doi.org/10.1016/j.isci.2024.109000,"This systematic review analyzed the effects of time-restricted eating (TRE) in humans with overweight or obesity. TRE resulted in modest weight loss and improved various metabolic markers, primarily due to energy deficit, with circadian alignment playing a secondary role."
The effects of time‐restricted eating and weight loss on bone metabolism and health: a 6‐month randomized controlled trial,"Maria Papageorgiou, Emmanuel Biver, Julie Mareschal, Nicholas Edward Phillips, Alexandra Hemmer, Emm...",PMC10092311,"Obesity (Silver Spring, Md.)",2022-10-14,https://doi.org/10.1002/oby.23577,This study compared time-restricted eating (TRE) to standard dietary advice for bone health in adults with metabolic syndrome. TRE showed bone-sparing effects compared to standard advice when weight loss occurred.
"Time-Restricted Eating and Sleep, Mood, and Quality of Life in Adults With Overweight or Obesity","Antonio Clavero-Jimeno, Manuel Dote-Montero, Jairo H. Migueles, Alba Camacho-Cardenosa, María Medran...",PMC12199060,JAMA Network Open,2025-06-25,https://doi.org/10.1001/jamanetworkopen.2025.17268,"This study analyzed the effects of early, late, or self-selected time-restricted eating windows on sleep, mood, and quality of life in adults with overweight or obesity. No significant differences were found between any time-restricted eating patterns and usual care for these outcomes."
Early Time-Restricted Eating Improves Weight Loss While Preserving Muscle: An 8-Week Trial in Young Women,"Zifu Yu, Takeshi Ueda",PMC11945196,Nutrients,2025-03-14,https://doi.org/10.3390/nu17061022,"An 8-week trial studied early, delayed, or no time-restricted eating in young women performing resistance training. Early time-restricted eating led to greater weight loss than delayed or no restrictions, without negatively impacting muscle gains."
"Comparing the influence of early and late time-restricted eating with energy restriction and energy restriction alone on cardiometabolic markers, metabolic hormones and appetite in adults with overweight/obesity: per-protocol analysis of a 3-month randomized clinical trial","Bernarda Habe, Tanja Črešnovar, Ana Petelin, Saša Kenig, Nina Mohorko, Zala Jenko Pražnikar",PMC12309031,Nutrition & Metabolism,2025-07-29,https://doi.org/10.1186/s12986-025-00984-3,This study compared early time-restricted eating plus energy restriction (eTRE+ER) with late time-restricted eating plus energy restriction (lTRE+ER) and energy restriction alone (ER).
Perspective: Time-Restricted Eating—Integrating the What with the When,"Evelyn B Parr, Brooke L Devlin, John A Hawley",PMC9156382,Advances in Nutrition,2022-05-01,https://doi.org/10.1093/advances/nmac015,This paper reviews time-restricted eating (TRE) interventions and their impact on health outcomes. It concludes that integrating knowledge of *what* is eaten with *when* it is eaten is crucial for optimizing TRE's metabolic health benefits.
Effect of Time-Restricted Eating on Sleep in Type 2 Diabetes,"Vasiliki Pavlou, Shuhao Lin, Sofia Cienfuegos, Mark Ezpeleta, Mary-Claire Runchey, Sarah Corapi, Kel...",PMC11356804,Nutrients,2024-08-17,https://doi.org/10.3390/nu16162742,"This study compared time-restricted eating (TRE) to calorie restriction and controls in adults with type 2 diabetes. TRE did not improve sleep quality, duration, or insomnia severity compared to the other groups."
"The Effects of Time-Restricted Eating versus Standard Dietary Advice on Weight, Metabolic Health and the Consumption of Processed Food: A Pragmatic Randomised Controlled Trial in Community-Based Adults","Nicholas Edward Phillips, Julie Mareschal, Nathalie Schwab, Emily N. C. Manoogian, Sylvie Borloz, Gi...",PMC8004978,Nutrients,2021-03-23,https://doi.org/10.3390/nu13031042,"This study examined the link between eating habits and metabolic health, and compared time-restricted eating (TRE) to standard dietary advice. TRE showed a small but significant weight loss compared to no change with standard advice, though the difference between groups was not significant."
Time-restricted eating plus calorie-restricted diet versus calorie-restricted diet in women with polycystic ovary syndrome,"Silan Zheng, Yun Chen, Xin Zheng, Danyan Ma, Xiaohong Yan, Jiayu Zhang, Changqin Liu",PMC12554142,iScience,2025-09-27,https://doi.org/10.1016/j.isci.2025.113654,This study compared an 8-hour time-restricted eating (TRE) diet with a calorie-restricted diet (CRD) in women with PCOS. The TRE group achieved greater weight loss and improved insulin resistance compared to the CRD group.
Time-restricted eating on weight loss: implications from the TREATY study,"Yan Huang, Deying Liu, Xueyun Wei, Chensihan Huang, Changwei Li, Huijie Zhang",PMC11749637,Life Medicine,2022-10-01,https://doi.org/10.1093/lifemedi/lnac017,
Effectiveness of isocaloric early time‐restricted eating on glucose metabolism in adults: A randomized controlled crossover trial,"Minfang Weng, Sisi Deng, Wei Xie, Yuqi Ma, Yeran Jia",PMC12146466,"Diabetes, Obesity & Metabolism",2025-04-11,https://doi.org/10.1111/dom.16399,
Effects of timing and eating duration of time restricted eating on metabolic outcomes: systematic review and network meta-analysis,"Yu-En Chen, Hui-Li Tsai, Yu-Kang Tu, Ling-Wei Chen",PMC12829361,BMJ Medicine,2026-01-01,https://doi.org/10.1136/bmjmed-2024-001071,This systematic review and network meta-analysis evaluated time-restricted eating's effects on metabolic health. Early time-restricted eating showed the most consistent benefits for anthropometric and glycaemic outcomes.
Time-Restricted Eating Improves Quality of Life Measures in Overweight Humans,"Ainslee Crose, Alison Alvear, Stephanie Singroy, Qi Wang, Emily Manoogian, Satchidananda Panda, Doug...",PMC8146708,Nutrients,2021-04-23,https://doi.org/10.3390/nu13051430,A randomized trial examined time-restricted eating (TRE) versus unrestricted eating in overweight individuals. TRE was associated with modest improvements in emotional health and perceived health changes.
Time-Restricted Eating Versus Daily Calorie Restriction: Effect on Sleep in Adults with Obesity over 12 Months,"Shuhao Lin, Sofia Cienfuegos, Mark Ezpeleta, Kelsey Gabel, Vasiliki Pavlou, Shaina J. Alexandria, Kr...",PMC11510029,Nutrients,2024-10-18,https://doi.org/10.3390/nu16203528,"This study compared time-restricted eating (TRE) and daily calorie restriction (CR) on sleep in adults with obesity. Neither TRE nor CR significantly improved sleep quality, duration, insomnia, or sleep apnea risk after 12 months."
Early Time-Restricted Feeding Reduces Appetite and Increases Fat Oxidation but Does Not Affect Energy Expenditure in Humans,"Eric Ravussin, Robbie A. Beyl, Eleonora Poggiogalle, Daniel S. Hsia, Courtney M. Peterson",PMC6658129,PMC,2019-05-02,https://www.ncbi.nlm.nih.gov/pmc/articles/PMC6658129/,Early time-restricted feeding (eTRF) was studied in overweight adults. eTRF reduced appetite and increased fat oxidation without changing 24-hour energy expenditure.
Feasibility and Cardiometabolic Effects of Time-Restricted Eating in Patients with Metabolic Syndrome,"Iwona Świątkiewicz, Jarosław Nuszkiewicz, Joanna Wróblewska, Małgorzata Nartowicz, Kamil Sokołowski,...",PMC11206952,Nutrients,2024-06-07,https://doi.org/10.3390/nu16121802,"A 12-week time-restricted eating (TRE) intervention was studied in Polish patients with metabolic syndrome. TRE was feasible and led to reduced eating window duration, weight, blood pressure, and improved glucose control."
Evaluating evidence regarding the efficacy of time-restricted eating for weight loss,David E. Most,PMC11236600,Frontiers in Nutrition,2024-06-27,https://doi.org/10.3389/fnut.2024.1428998,
A Smartphone Intervention to Promote Time Restricted Eating Reduces Body Weight and Blood Pressure in Adults with Overweight and Obesity: A Pilot Study,"Malini Prasad, Keenan Fine, Allen Gee, Nandini Nair, Collin J. Popp, Bin Cheng, Emily N. C. Manoogia...",PMC8308240,Nutrients,2021-06-23,https://doi.org/10.3390/nu13072148,"A smartphone intervention tested time-restricted eating (TRE) in adults with overweight/obesity. TRE significantly reduced body weight, waist circumference, and systolic blood pressure."
Effects of time-restricted eating with different eating duration on anthropometrics and cardiometabolic health: A systematic review and meta-analysis,"Mazuin Kamarul Zaman, Nur Islami Mohd Fahmi Teng, Sazzli Shahlan Kasim, Norsham Juliana, Mohammed Ab...",PMC10415860,World Journal of Cardiology,2023-07-26,https://doi.org/10.4330/wjc.v15.i7.354,"This systematic review and meta-analysis examined the effects of time-restricted eating (TRE) on anthropometrics and cardiometabolic health. TRE significantly reduced body weight and fat mass, but its impact varied based on the duration of the eating window."
Time–restricted eating alters the 24‐hour profile of adipose tissue transcriptome in men with obesity,"Lijun Zhao, Amy T. Hutchison, Bo Liu, Gary A. Wittert, Campbell H. Thompson, Leanne Nguyen, John Au,...",PMC10087528,"Obesity (Silver Spring, Md.)",2022-08-01,https://doi.org/10.1002/oby.23499,"This study examined how time-restricted eating affects 24-hour profiles of hormones, metabolites, and adipose tissue gene expression in men with obesity. Time-restricted eating restored rhythmic patterns in these factors, suggesting a mechanism for improved metabolic health."
A Delayed Morning and Earlier Evening Time-Restricted Feeding Protocol for Improving Glycemic Control and Dietary Adherence in Men with Overweight/Obesity: A Randomized Controlled Trial,"Evelyn B. Parr, Brooke L. Devlin, Bridget E. Radford, John A. Hawley",PMC7071240,biomedrxiv,2020-02-17,https://doi.org/10.3390/nu12020505,"A randomized controlled trial compared time-restricted feeding (TRF) with extended feeding in overweight/obese men. TRF improved nocturnal glycemic control and was positively perceived, despite some adherence challenges."
Time-restricted feeding: what we have done and what more we can do?,"Yuning Sun, Yuqian Ye, Yuqin He, Shaoyan Liu",PMC10282674,Hepatobiliary Surgery and Nutrition,2023-05-22,https://doi.org/10.21037/hbsn-23-246,
Effects of sleep restriction on glucose control and insulin secretion during diet-induced weight loss,"A. V. Nedeltcheva, J. G. Imperial, P. D. Penev",PMC3384766,"Obesity (Silver Spring, Md.)",2012-04-12,https://doi.org/10.1038/oby.2012.97,This study investigated the effects of sleep restriction on glucose control in overweight adults undergoing weight loss. Sleep restriction enhanced insulin economy without negatively impacting glucose homeostasis during dieting.
Time restricted EAting for Type 2 diabetes and MEtabolic health: The TEA TIME trial study protocol,Matthew Retnakaran; Vittória L. Lessa; Caroline K. Kramer,PMC12981477,biomedrxiv,2026-03-12,https://doi.org/10.1371/journal.pone.0343494,"This study protocol outlines a one-year randomized controlled trial to assess the durability of time-restricted eating (TRE) in improving metabolic health for individuals with type 2 diabetes. The trial will compare TRE (6-hour eating window daily) against standard recommendations, measuring pancreatic beta-cell function and insulin resistance over 52 weeks. Findings could establish TRE as a disease-modifying intervention for early type 2 diabetes."
Pilot Clinical Trial of Time-Restricted Eating in Patients with Metabolic Syndrome,"Iwona Świątkiewicz, Celestyna Mila-Kierzenkowska, Alina Woźniak, Karolina Szewczyk-Golec, Jarosław N...",PMC7911880,Nutrients,2021-01-24,https://doi.org/10.3390/nu13020346,This pilot trial investigated the feasibility and efficacy of 10-hour time-restricted eating in Polish adults with metabolic syndrome. The study aims to establish a framework for future large-scale trials by assessing cardiometabolic outcomes and behavioral rhythms.
"Time-Restricted Eating: Benefits, Mechanisms, and Challenges in Translation","Prashant Regmi, Leonie K. Heilbronn",PMC7262456,biomedrxiv,2020-05-15,https://doi.org/10.1016/j.isci.2020.101161,"This paper reviews time-restricted eating (TRE), a dietary approach that limits eating to a specific window each day. TRE demonstrates significant benefits for metabolic health, including weight loss and improved glucose tolerance, though implementation challenges exist."
Time Restricted Eating: A Dietary Strategy to Prevent and Treat Metabolic Disturbances,"Bettina Schuppelius, Beeke Peters, Agnieszka Ottawa, Olga Pivovarova-Ramich",PMC8387818,PMC,2021-08-12,https://www.ncbi.nlm.nih.gov/pmc/articles/PMC8387818/,"This review examines how time-restricted eating affects glucose and lipid metabolism based on clinical trials. TRE shows promise for improving metabolic health, though results vary due to study design and participant differences."
"Efficacy of time-restricted eating and behavioural economic interventions in reducing fasting plasma glucose, HbA1c and cardiometabolic risk factors compared with time-restricted eating alone or usual care in patients with impaired fasting glucose: protocol for an open-label randomised controlled trial","Unyaporn Suthutvoravut, Thunyarat Anothaisintawee, Suparee Boonmanunt, Sarunporn Pramyothin, Arthit ...",PMC9490601,BMJ Open,2022-01-01,https://doi.org/10.1136/bmjopen-2021-058954,"This study will compare time-restricted eating (TRE) with behavioral economic interventions, TRE alone, and usual care in patients with impaired fasting glucose. The goal is to determine if TRE, especially with added behavioral support, improves cardiometabolic risk factors."
"Early Time-Restricted Feeding Improves 24-Hour Glucose Levels and Affects Markers of the Circadian Clock, Aging, and Autophagy in Humans","Humaira Jamshed, Robbie A. Beyl, Deborah L. Della Manna, Eddy S. Yang, Eric Ravussin, Courtney M. Pe...",PMC6627766,PMC,2019-05-30,https://www.ncbi.nlm.nih.gov/pmc/articles/PMC6627766/,"Early time-restricted feeding was studied in overweight adults. It improved 24-hour glucose levels and altered circadian clock, aging, and autophagy markers."
Exploring the effects of time-restricted eating on body weight and associated cardiometabolic outcomes in South African women living with HIV (TESSA): protocol for a randomised controlled trial,"Amy E Mendham, Julia H Goedecke, Lorena Heckens, Fatima Hoosen, Majken Lillholm Pico, Andre P Kengne...",PMC11624751,BMJ Open,2024-01-01,https://doi.org/10.1136/bmjopen-2024-086203,This study investigates the effects of time-restricted eating on body weight and cardiometabolic outcomes in South African women with HIV. The trial aims to determine if TRE improves these health markers over 12 months.
Study protocol for a randomized clinical trial to reduce weight among youth with obesity using time-restricted eating: the TRECO study,"Xiaoyan Shi, Peien Jiang, Penghao Wang, Xingwei Guo, Mengxuan Ye, Zhiying Jiang, Yan Chen, Tingjuan ...",PMC12781309,BMC Pediatrics,2025-12-03,https://doi.org/10.1186/s12887-025-06298-w,A randomized trial will compare 12-hour time-restricted eating (TRE) to caloric-restricted diets for weight loss in obese children. The study aims to determine TRE's short-term and long-term efficacy and adherence compared to standard treatment.
Two weeks of early time-restricted feeding (eTRF) improves skeletal muscle insulin and anabolic sensitivity in healthy men,"Robert Jones, Pardeep Pabla, Joanne Mallinson, Aline Nixon, Tariq Taylor, Andrew Bennett, Kostas Tsi...",PMC7528549,biomedrxiv,2020-10-01,https://doi.org/10.1093/ajcn/nqaa192,Two weeks of early time-restricted feeding was studied in healthy men. This intervention improved whole-body insulin sensitivity and skeletal muscle glucose and amino acid uptake.
The Effect of Time-Restricted Eating on Cardiometabolic Risk Factors: A Systematic Review and Meta-Analysis,"Krystalia Panagiotou, Garyfallia Stefanou, Georgia Kourlaba, Dimitrios Athanasopoulos, Penio Kassari...",PMC11547938,PMC,2024-10-30,https://www.ncbi.nlm.nih.gov/pmc/articles/PMC11547938/,"A systematic review and meta-analysis examined the effects of time-restricted eating (TRE) on cardiometabolic risk factors. TRE was found to be beneficial for weight loss and improving insulin, cholesterol, and LDL levels."
"Continuous Glucose Monitoring in Adolescents With Obesity: Monitoring of Glucose Profiles, Glycemic Excursions, and Adherence to Time Restricted Eating Programs","Monica N. Naguib, Elizabeth Hegedus, Jennifer K. Raymond, Michael I. Goran, Sarah-Jeanne Salvy, Choo...",PMC8914373,Frontiers in Endocrinology,2022-02-25,https://doi.org/10.3389/fendo.2022.841838,"This study assessed continuous glucose monitoring (CGM) feasibility and glycemic profiles in adolescents with obesity undergoing a time-restricted eating (TRE) pilot trial. CGM use was feasible and acceptable, but TRE did not significantly alter glycemic variability compared to a control group."
Time‐Restricted Eating Promotes Weight Loss and Favorable Changes in Adipose in Obesity: The TREAD Randomized Control Trial,Michael J. Wilkinson; Erika Padilla; Yuqi Wang; Sawye Raygani; Emily N. C. Manoogian; Kyla Laing; Kh...,PMC13306140,"Obesity (Silver Spring, Md.)",2026-06-02,https://doi.org/10.1002/oby.70228,"Examine time‐restricted eating (TRE) as a strategy to promote weight loss and cardiometabolic health in adults with obesity. TRE in obesity and ADipose Tissue (TREAD) was a single‐center 12‐week RCT, "
Circadian influences on glycemic control in 24-hr fasts initiated at different mealtimes,Elizabeth Z. Gipson; G. Chretienne Kang; Katelynn E. Hales; Dallin J. Kemp; Dane T. Jensen; Lance E....,PMC13124984,biomedrxiv,2026-04-15,https://doi.org/10.3389/fnut.2026.1779113,"Initiating a 24-hour fast in the afternoon, rather than morning or evening, resulted in better glycemic control and increased ketosis. These improvements were observed throughout the fast and after refeeding, independent of insulin and glucagon levels."
Health effects of the time-restricted eating in adults with obesity: A systematic review and meta-analysis,"Weiyi Chen, Xiaoli Liu, Lei Bao, Ping Yang, Huihui Zhou",PMC9979543,Frontiers in Nutrition,2023-02-16,https://doi.org/10.3389/fnut.2023.1079250,"This study systematically reviewed and meta-analyzed randomized controlled trials on time-restricted eating (TRE) in adults with obesity. TRE was found to significantly decrease body weight, fat mass, BMI, and diastolic blood pressure."
Is  time‐restricted  eating (8/16) beneficial for body weight and metabolism of obese and overweight adults? A systematic review and meta‐analysis of randomized controlled trials,"Lu Huang, Yan Chen, Shu Wen, Danhua Lu, Xiaoyang Shen, Hongxia Deng, Liangzhi Xu",PMC10002957,biomedrxiv,2022-12-19,https://doi.org/10.1002/fsn3.3194,"This meta-analysis examined randomized controlled trials on 8/16 time-restricted eating in overweight and obese adults. The intervention led to significant reductions in body weight and fat mass, and improved insulin resistance."
Effects of time-restricted eating without caloric restriction on blood pressure and cardiometabolic profile in non-diabetic adults: a systematic review and meta-analysis of randomized controlled trials,"Xin Yi, Jie Yan, Ummi Nadira Daut, Razif Abas, Raja Abdul Wafy Raja Muhammad Rooshdi, Chongshuang Ya...",PMC12672340,Frontiers in Nutrition,2025-11-19,https://doi.org/10.3389/fnut.2025.1631477,"This meta-analysis evaluated time-restricted eating (TRE) without caloric restriction in non-diabetic adults. TRE significantly reduced blood pressure, heart rate, glucose, insulin, and BMI, but not lipid profiles."
A randomized feasibility trial of time-restricted eating during pregnancy in people with increased risk of gestational diabetes,"Hanna M.S. Skarstad, Kamilla L. Haganes, Md Abu Jafar Sujan, Trine M. Gellein, Mariell K. Johansen, ...",PMC11439041,Scientific Reports,2024-09-28,https://doi.org/10.1038/s41598-024-72913-y,A randomized trial tested a 10-hour time-restricted eating window for pregnant individuals at risk of gestational diabetes. The intervention was feasible but did not improve glycemic control or other cardiometabolic outcomes.
Momentary Predictors of Insulin Restriction Among Adults With Type 1 Diabetes and Eating Disorder Symptomatology,"Rhonda M. Merwin, Natalia O. Dmitrieva, Lisa K. Honeycutt, Ashley A. Moskovich, James D. Lane, Nancy...",PMC4876774,Diabetes Care,2015-11-01,https://doi.org/10.2337/dc15-0753,This study examined momentary predictors of insulin restriction in adults with type 1 diabetes and eating disorder symptomatology. Heightened negative affect and breaking dietary rules predicted insulin restriction.
"Effect of a ketogenic diet, time-restricted eating, or alternate-day fasting on weight loss in adults with obesity: a randomized clinical trial","José Ignacio Martínez-Montoro, Borja Bandera, Mario Gutiérrez-Bedmar, Ana María Gómez-Pérez, Manuel ...",PMC12220164,BMC Medicine,2025-07-01,https://doi.org/10.1186/s12916-025-04182-z,"A randomized trial compared calorie-restricted ketogenic diets, time-restricted eating, and alternate-day fasting to a Mediterranean diet for weight loss in adults with obesity. Ketogenic diet, modified alternate-day fasting, and late time-restricted eating resulted in greater weight loss than the Mediterranean diet."
Effects of 8-hour time restricted feeding on body weight and metabolic disease risk factors in obese adults: A pilot study,"Kelsey Gabel, Kristin K. Hoddy, Nicole Haggerty, Jeehee Song, Cynthia M. Kroeger, John F. Trepanowsk...",PMC6004924,biomedrxiv,2018-05-11,https://doi.org/10.3233/NHA-170036,This pilot study examined the effects of 8-hour time-restricted feeding on obese adults over 12 weeks. The intervention led to mild weight loss and a reduction in systolic blood pressure compared to a control group.
The Effect of Early Time-Restricted Feeding on Glycemic Profile in Adults: A Systematic Review of Interventional Studies,"Demetrios Bitsanis, Konstantinos Giannakou, Elena Hadjimbei, Stavri Chrysostomou",PMC9382685,biomedrxiv,2022-03-31,https://doi.org/10.1900/RDS.2022.18.10,"This systematic review analyzed interventional studies on early time-restricted feeding (eTRF) and its impact on adult glycemic profiles. eTRF appears to positively affect glucose and insulin markers, particularly in healthy individuals with normal BMI."
Time-restricted eating with or without low-carbohydrate diet reduces visceral fat and improves metabolic syndrome: A randomized trial,"Mingqian He, Jingya Wang, Qian Liang, Meng Li, Hui Guo, Yue Wang, Cuomu Deji, Jing Sui, Ya-wen Wang,...",PMC9589024,Cell Reports Medicine,2022-10-10,https://doi.org/10.1016/j.xcrm.2022.100777,"This randomized trial investigated time-restricted eating (TRE) with or without a low-carbohydrate diet (LCD) for metabolic syndrome. TRE, alone or combined with LCD, reduced visceral fat and improved metabolic markers, with the combination showing the most benefits."
Timing of daily calorie loading affects appetite and hunger responses without changes in energy metabolism in healthy subjects with obesity,"Leonie C. Ruddick-Collins, Peter J. Morgan, Claire L. Fyfe, Joao A.N. Filipe, Graham W. Horgan, Klaa...",PMC9605877,biomedrxiv,2022-10-04,https://doi.org/10.1016/j.cmet.2022.08.001,"A study compared morning-loaded versus evening-loaded calorie-restricted diets in individuals with obesity. While weight loss and energy expenditure were similar, the morning-loaded diet significantly reduced hunger, suggesting it may improve adherence to weight loss plans."
Post-intervention sustainability of time-restricted eating versus caloric restriction: a secondary analysis,De-An Chen; Raul Herrera Pena; Niki Oldenburg; Qi Wang; Erika Helgeson; Brad Yentzer; Abdisa Taddese...,PMC12913024,International Journal of Obesity (2005),2025-11-28,https://doi.org/10.1038/s41366-025-01968-2,Rising obesity rates necessitate sustainable weight management strategies. Current lifestyle guidelines focus on reducing caloric intake through personalized interventions to promote compliance. This 
Associations between Timing and Duration of Eating and Glucose Metabolism: A Nationally Representative Study in the U.S.,"Marriam Ali, Sirimon Reutrakul, Gregory Petersen, Kristen L. Knutson",PMC9919634,Nutrients,2023-02-01,https://doi.org/10.3390/nu15030729,"This study examined the association between eating timing and duration with glucose metabolism in a U.S. population. Earlier eating start times were linked to lower fasting glucose and insulin resistance, independent of eating duration."
Association between Timing of Energy Intake and Insulin Sensitivity: A Cross-Sectional Study,"Vittobai Rashika Rangaraj, Alankrita Siddula, Helen J. Burgess, Silvana Pannain, Kristen L. Knutson",PMC7071301,biomedrxiv,2020-02-16,https://doi.org/10.3390/nu12020503,This study examined the relationship between when people eat and their insulin sensitivity. Eating more calories earlier in the day was linked to better insulin sensitivity.
Effects of Time-Restricted Eating on Nonalcoholic Fatty Liver Disease,"Xueyun Wei, Bingquan Lin, Yan Huang, Shunyu Yang, Chensihan Huang, Linna Shi, Deying Liu, Peizhen Zh...",PMC10024204,JAMA Network Open,2023-03-17,https://doi.org/10.1001/jamanetworkopen.2023.3513,"A randomized trial compared time-restricted eating to daily calorie restriction for nonalcoholic fatty liver disease. Both interventions similarly reduced liver fat, with no added benefits from time-restricted eating."
Early but not late time-restricted eating improves an actigraphy-estimated sleep quality in women with overweight or obesity: secondary analysis of the crossover ChronoFast trial,Beeke Peters; Jennifer Jokisch; Julia Schwarz; Bettina Schuppelius; Andreas F. H. Pfeiffer; Andreas ...,PMC13246623,Frontiers in Nutrition,2026-05-26,https://doi.org/10.3389/fnut.2026.1823259,"Metabolic disorders are closely linked to sleep disturbances. Time-restricted eating (TRE) can improve metabolic disturbances, but its impact on sleep quality is insufficiently studied and recommendat"
The effect of time-restricted eating on arterial stiffness indices in men with metabolic syndrome: study protocol for a randomized controlled trial,"Aliyeh Ghannadzadeh Yazdi, Mohammad Masoumvand, Elena Philippou, Alireza Hatami, Zahra Dehnavi, Hani...",PMC11529165,Trials,2024-07-22,https://doi.org/10.1186/s13063-024-08284-6,This randomized controlled trial protocol outlines a study comparing time-restricted eating to standard dietary advice for men with metabolic syndrome. The study aims to determine the effect of time-restricted eating on arterial stiffness indices.
Time-Restricted Eating as a Nutrition Strategy for Individuals with Type 2 Diabetes: A Feasibility Study,"Evelyn B. Parr, Brooke L. Devlin, Karen H. C. Lim, Laura N. Z. Moresi, Claudia Geils, Leah Brennan, ...",PMC7690416,biomedrxiv,2020-10-22,https://doi.org/10.3390/nu12113228,"This study assessed the feasibility of time-restricted eating (TRE) for individuals with type 2 diabetes. TRE was found to be feasible, with participants adhering to the eating window approximately five days a week, though it did not significantly improve glycemic control or reduce body mass."
"Time-Restricted Feeding Improves Glucose Tolerance in Rats, but Only When in Line With the Circadian Timing System","Paul de Goede, Ewout Foppen, Wayne I. G. R. Ritsema, Nikita L. Korpel, Chun-Xia Yi, Andries Kalsbeek",PMC6712481,Frontiers in Endocrinology,2019-08-21,https://doi.org/10.3389/fendo.2019.00554,"Time-restricted feeding (TRF) in rats was studied to assess its impact on glucose tolerance across different times of day. TRF aligned with the active phase improved glucose tolerance, while feeding out of sync worsened it."
Effect of exercise alone and in combination with time-restricted eating on cardiometabolic health in menopausal women,"Beata Jóźwiak, Remigiusz Domin, Monika Krzywicka, Ida Laudańska-Krzemińska",PMC11494798,Journal of Translational Medicine,2024-10-21,https://doi.org/10.1186/s12967-024-05738-y,This study compared exercise alone versus exercise with time-restricted eating in menopausal women. Combining time-restricted eating with exercise resulted in greater reductions in body mass index and blood pressure than exercise alone.
Effect of time-restricted eating regimen on weight loss is mediated by gut microbiome,"Chensihan Huang, Deying Liu, Shunyu Yang, Yan Huang, Xueyun Wei, Peizhen Zhang, Jiayang Lin, Bingyan...",PMC11238135,iScience,2024-06-06,https://doi.org/10.1016/j.isci.2024.110202,This study investigated the gut microbiome's role in weight loss during a 12-month time-restricted eating program. The gut microbiome composition at baseline can predict an individual's weight loss response to TRE.
Effects of Time-Restricted Feeding on Energy Balance: A Cross-Over Trial in Healthy Subjects,"Riqiang Bao, Yingkai Sun, Yiran Jiang, Lei Ye, Jie Hong, Weiqing Wang",PMC9092453,Frontiers in Endocrinology,2022-04-27,https://doi.org/10.3389/fendo.2022.870054,"This study investigated the effects of time-restricted feeding (TRF) on energy balance in healthy individuals. TRF was found to induce a negative energy balance by increasing fecal and urine energy loss, without altering energy expenditure."
Bibliometric and visual analysis of time-restricted eating,"Shuai Wang, Xiaoxiao Lin, Yihong Guan, Jinyu Huang",PMC9395940,Frontiers in Nutrition,2022-08-09,https://doi.org/10.3389/fnut.2022.979702,"This study analyzed 414 publications on time-restricted eating (TRE) using bibliometric methods. The research shows TRE is a growing field, with key themes including circadian rhythms, obesity, weight loss, and metabolic disease."
Effect of Early Time-Restricted Eating on Metabolic Markers and Body Composition in Individuals with Overweight or Obesity,"Dalila Rubí Mena-Hernández, Guadalupe Jiménez-Domínguez, José D. Méndez, Viridiana Olvera-Hernández,...",PMC11279456,Nutrients,2024-07-09,https://doi.org/10.3390/nu16142187,"This study investigated early time-restricted eating (eTRE) in overweight or obese individuals. eTRE did not significantly improve metabolic markers, body composition, or appetite compared to a control group."
Early time-restricted carbohydrate consumption vs conventional dieting in type 2 diabetes: a randomised controlled trial,"Domenico Tricò, Maria Chiara Masoni, Simona Baldi, Noemi Cimbalo, Luca Sacchetta, Maria Tiziana Scoz...",PMC10789836,PMC,2023-11-16,https://www.ncbi.nlm.nih.gov/pmc/articles/PMC10789836/,"This study compared early time-restricted carbohydrate consumption with a conventional diet in individuals with type 2 diabetes. Both diets resulted in similar improvements in HbA1c, glucose control, and cardiometabolic markers."
Improvement and Emergence of Insulin Restriction in Women With Type 1 Diabetes,"Ann E. Goebel-Fabbri, Barbara J. Anderson, Janna Fikkan, Debra L. Franko, Kimberly Pearson, Katie We...",PMC3041178,Diabetes Care,2011-03-01,https://doi.org/10.2337/dc10-1547,This study examined characteristics of women with type 1 diabetes who stopped or started insulin restriction over 11 years. Fear of weight gain and diabetes self-care problems are central to both the development and cessation of insulin restriction.
Effects of Early and Late Time-Restricted Feeding on Parameters of Metabolic Health: An Explorative Literature Assessment,"Froso Petridi, Jan M. W. Geurts, Jean Nyakayiru, Anne Schaafsma, Dedmer Schaafsma, Ruth C. R. Meex, ...",PMC11175017,biomedrxiv,2024-05-31,https://doi.org/10.3390/nu16111721,"This literature assessment examined 13 trials on early and late time-restricted feeding's effects on metabolic health. Time-restricted feeding consistently reduced body weight and improved insulin resistance, with early feeding showing a potentially greater benefit for insulin resistance."
Navigating challenges and adherence in time‐restricted eating: A qualitative study,"Hilmi S. Rathomi, Nahal Mavaddat, Judith M. Katzenellenbogen, Sandra C. Thompson",PMC12401815,Nutrition & Dietetics,2025-02-02,https://doi.org/10.1111/1747-0080.12922,"This study explored facilitators, barriers, and strategies for adherence to time-restricted eating. Key findings indicate that flexibility, a non-obsessive mindset, and social support facilitate adherence, while hunger and social conflicts pose challenges."
"Time-restricted eating and autosomal dominant polycystic kidney disease: a pilot, randomized clinical trial","Cortney Steele, Anna Ostrow, Wei Wang, Erin Coleman, Diana George, Kristen Bing, Sumana Ramanathan, ...",PMC11976525,Clinical Kidney Journal,2025-04-01,https://doi.org/10.1093/ckj/sfaf069,"A pilot randomized trial compared time-restricted eating (TRE) with healthy eating advice for ADPKD patients. TRE did not significantly reduce kidney volume, and adherence was moderate, suggesting weight and adiposity loss may be more critical."
Time-restricted eating in Alzheimer's disease: TREAD pilot trial design,"Susan B. Racette, Jordan A. Gunning, Danielle E. Eagan, Isabella Zaniletti, Tracy L. Smith, Candice ...",PMC12612997,Contemporary Clinical Trials Communications,2025-10-26,https://doi.org/10.1016/j.conctc.2025.101564,"The TREAD pilot trial is evaluating the feasibility of a 16-hour fasting, 8-hour eating window intervention for individuals with mild cognitive impairment. It will collect preliminary data on cognitive function and biomarkers to inform future larger studies."
Time-Restricted Eating and Its Metabolic Benefits,"Sneha Mishra, Patress A. Persons, Andrea M. Lorenzo, Swarna S. Chaliki, Sophie Bersoux",PMC10672223,PMC,2023-11-09,https://www.ncbi.nlm.nih.gov/pmc/articles/PMC10672223/,This paper reviews time-restricted eating (TRE) and its metabolic effects. TRE is found to be equivalent to calorie restriction for weight loss and beneficial for various diseases.
Take the reins: a study protocol of a randomized controlled trial testing the effects of time-restricted eating vs. nutrition control on cancer-related fatigue among survivors of hematological malignancies,"Amber S. Kleckner, Carin L. Clingan, Ashraf Z. Badros, Emily N. C. Manoogian, Karen M. Mustian, Satc...",PMC12577101,BMC Nutrition,2025-10-31,https://doi.org/10.1186/s40795-025-01185-0,This study protocol outlines a randomized controlled trial comparing time-restricted eating to nutrition counseling for cancer-related fatigue in blood cancer survivors. The intervention aims to improve fatigue by regulating circadian rhythms and metabolism.
Meal Timing Interventions for Weight Loss and Metabolic Health—What Does the Evidence Tell Us So Far?,"Collin J. Popp, Emily N. C. Manoogian, Blandine Laferrère",PMC12161006,JAMA network open,2025-06-02,https://doi.org/10.1001/jamanetworkopen.2024.42140,
Effects of time-restricted eating on body composition and metabolic parameters in overweight and obese women: a systematic review and meta-analysis,"Shiying Chen, Xiaotian Zhang, Jakub Kortas, Haitao Liu",PMC12479299,Frontiers in Nutrition,2025-09-16,https://doi.org/10.3389/fnut.2025.1664412,"This meta-analysis evaluated time-restricted eating (TRE) in overweight and obese women. TRE significantly reduced body weight and fasting insulin levels, with no adverse effects on lean mass."
"Predicting the restrictive eating, exercise, and weight monitoring compulsions of anorexia nervosa","E. Caitlin Lloyd, Maria Øverås, Øyvind Rø, Bas Verplanken, Anne M. Haase",PMC7256099,Eating and Weight Disorders,2019-03-21,https://doi.org/10.1007/s40519-019-00674-z,"This study compared restrictive eating, exercise, and weight monitoring compulsions in individuals with anorexia nervosa (AN) and healthy controls. Neither AN psychopathology nor trait anxiety predicted the presence of these compulsions, though the study was likely underpowered."
Effects of healthy low-carbohydrate diet and time-restricted eating on weight and gut microbiome in adults with overweight or obesity: Feeding RCT,"Lin Li, Rui Li, Qingying Tian, Yaogan Luo, Ruyi Li, Xiaoyu Lin, Yunjing Ou, Tianyu Guo, Xue Chen, An...",PMC11604488,Cell Reports Medicine,2024-10-24,https://doi.org/10.1016/j.xcrm.2024.101801,"A randomized trial investigated healthy low-carbohydrate diet (HLCD) and time-restricted eating (TRE) effects on weight and gut microbiome. Both HLCD and TRE reduced BMI beyond calorie restriction, with HLCD also reducing fat mass and TRE increasing beneficial gut bacteria."
Effect of Time‐Restricted Eating on Metabolic Adaptation in Adults With Severe Obesity During Early Phase of Weight Loss,Tatiana Almeida de Moraes Campos; Raiane Lira Freitas Brasil; Flávia Fioruci Bezerra,PMC13260697,Journal of Human Nutrition and Dietetics,2026-06-11,https://doi.org/10.1111/jhn.70293,To compare metabolic adaptations at the early phase of weight loss in individuals with severe obesity assigned to two strategies of energy restriction: continuous or in combination with time‐restricte
Twenty-Four Hour Glucose Profiles and Glycemic Variability during Intermittent Religious Dry Fasting and Time-Restricted Eating in Subjects without Diabetes: A Preliminary Study,"Beeke Peters, Christina Laetitia Pappe, Daniela A. Koppold, Katharina Schipp, Bert Arnrich, Andreas ...",PMC11357114,Nutrients,2024-08-12,https://doi.org/10.3390/nu16162663,This study examined 24-hour glucose profiles and variability in non-diabetic individuals undergoing religious fasting or time-restricted eating. Both fasting and time-restricted eating did not negatively impact glycemic control or variability.
"Effects of intermittent (5:2) or continuous energy restriction on basal and postprandial metabolism: a randomised study in normal-weight, young participants","Yangfan Gao, Kostas Tsintzas, Ian A. Macdonald, Sally M. Cordon, Moira A. Taylor",PMC8766278,biomedrxiv,2021-05-26,https://doi.org/10.1038/s41430-021-00909-2,"This study compared intermittent (5:2) and continuous energy restriction in young, normal-weight individuals. Both diets resulted in similar weight loss, but 5:2 IER improved fasting blood glucose and appetite scores more than continuous restriction."
Time-Restricted Eating Without Exercise Enhances Anaerobic Power and Reduces Body Weight: A Randomized Crossover Trial in Untrained Adults,"Zifu Yu, Takeshi Ueda",PMC12473138,Nutrients,2025-09-20,https://doi.org/10.3390/nu17183011,"This study investigated early and delayed time-restricted eating (TRE) in untrained adults. Both TRE methods reduced body weight and improved anaerobic power, with eTRE showing greater weight loss and dTRE greater anaerobic gains."
